day,idx_future,index.num,diff,year,year.iso,half,quarter,month,month.xts,month.lbl,day1,hour,minute,second,hour12,am.pm,wday,wday.xts,wday.lbl,mday,qday,yday,mweek,week,week.iso,week2,week3,week4,mday7
1,12/31/2016,1483142400,NA,2016,2016,2,4,12,11,December,31,0,0,0,0,1,7,6,Saturday,31,92,366,5,53,52,1,2,1,5
2,1/1/2017,1483228800,86400,2017,2016,1,1,1,0,January,1,0,0,0,0,1,1,0,Sunday,1,1,1,5,1,52,1,1,1,1
3,1/2/2017,1483315200,86400,2017,2017,1,1,1,0,January,2,0,0,0,0,1,2,1,Monday,2,2,2,1,1,1,1,1,1,1
4,1/3/2017,1483401600,86400,2017,2017,1,1,1,0,January,3,0,0,0,0,1,3,2,Tuesday,3,3,3,1,1,1,1,1,1,1
5,1/4/2017,1483488000,86400,2017,2017,1,1,1,0,January,4,0,0,0,0,1,4,3,Wednesday,4,4,4,1,1,1,1,1,1,1
6,1/5/2017,1483574400,86400,2017,2017,1,1,1,0,January,5,0,0,0,0,1,5,4,Thursday,5,5,5,1,1,1,1,1,1,1
7,1/6/2017,1483660800,86400,2017,2017,1,1,1,0,January,6,0,0,0,0,1,6,5,Friday,6,6,6,1,1,1,1,1,1,1
8,1/7/2017,1483747200,86400,2017,2017,1,1,1,0,January,7,0,0,0,0,1,7,6,Saturday,7,7,7,1,1,1,1,1,1,2
9,1/8/2017,1483833600,86400,2017,2017,1,1,1,0,January,8,0,0,0,0,1,1,0,Sunday,8,8,8,1,2,1,0,2,2,2
10,1/9/2017,1483920000,86400,2017,2017,1,1,1,0,January,9,0,0,0,0,1,2,1,Monday,9,9,9,2,2,2,0,2,2,2
11,1/10/2017,1484006400,86400,2017,2017,1,1,1,0,January,10,0,0,0,0,1,3,2,Tuesday,10,10,10,2,2,2,0,2,2,2
12,1/11/2017,1484092800,86400,2017,2017,1,1,1,0,January,11,0,0,0,0,1,4,3,Wednesday,11,11,11,2,2,2,0,2,2,2
13,1/12/2017,1484179200,86400,2017,2017,1,1,1,0,January,12,0,0,0,0,1,5,4,Thursday,12,12,12,2,2,2,0,2,2,2
14,1/13/2017,1484265600,86400,2017,2017,1,1,1,0,January,13,0,0,0,0,1,6,5,Friday,13,13,13,2,2,2,0,2,2,2
15,1/14/2017,1484352000,86400,2017,2017,1,1,1,0,January,14,0,0,0,0,1,7,6,Saturday,14,14,14,2,2,2,0,2,2,3
16,1/15/2017,1484438400,86400,2017,2017,1,1,1,0,January,15,0,0,0,0,1,1,0,Sunday,15,15,15,2,3,2,1,0,3,3
17,1/16/2017,1484524800,86400,2017,2017,1,1,1,0,January,16,0,0,0,0,1,2,1,Monday,16,16,16,3,3,3,1,0,3,3
18,1/17/2017,1484611200,86400,2017,2017,1,1,1,0,January,17,0,0,0,0,1,3,2,Tuesday,17,17,17,3,3,3,1,0,3,3
19,1/18/2017,1484697600,86400,2017,2017,1,1,1,0,January,18,0,0,0,0,1,4,3,Wednesday,18,18,18,3,3,3,1,0,3,3
20,1/19/2017,1484784000,86400,2017,2017,1,1,1,0,January,19,0,0,0,0,1,5,4,Thursday,19,19,19,3,3,3,1,0,3,3
21,1/20/2017,1484870400,86400,2017,2017,1,1,1,0,January,20,0,0,0,0,1,6,5,Friday,20,20,20,3,3,3,1,0,3,3
22,1/21/2017,1484956800,86400,2017,2017,1,1,1,0,January,21,0,0,0,0,1,7,6,Saturday,21,21,21,3,3,3,1,0,3,4
23,1/22/2017,1485043200,86400,2017,2017,1,1,1,0,January,22,0,0,0,0,1,1,0,Sunday,22,22,22,3,4,3,0,1,0,4
24,1/23/2017,1485129600,86400,2017,2017,1,1,1,0,January,23,0,0,0,0,1,2,1,Monday,23,23,23,4,4,4,0,1,0,4
25,1/24/2017,1485216000,86400,2017,2017,1,1,1,0,January,24,0,0,0,0,1,3,2,Tuesday,24,24,24,4,4,4,0,1,0,4
26,1/25/2017,1485302400,86400,2017,2017,1,1,1,0,January,25,0,0,0,0,1,4,3,Wednesday,25,25,25,4,4,4,0,1,0,4
27,1/26/2017,1485388800,86400,2017,2017,1,1,1,0,January,26,0,0,0,0,1,5,4,Thursday,26,26,26,4,4,4,0,1,0,4
28,1/27/2017,1485475200,86400,2017,2017,1,1,1,0,January,27,0,0,0,0,1,6,5,Friday,27,27,27,4,4,4,0,1,0,4
29,1/28/2017,1485561600,86400,2017,2017,1,1,1,0,January,28,0,0,0,0,1,7,6,Saturday,28,28,28,4,4,4,0,1,0,5
30,1/29/2017,1485648000,86400,2017,2017,1,1,1,0,January,29,0,0,0,0,1,1,0,Sunday,29,29,29,4,5,4,1,2,1,5
31,1/30/2017,1485734400,86400,2017,2017,1,1,1,0,January,30,0,0,0,0,1,2,1,Monday,30,30,30,5,5,5,1,2,1,5
32,1/31/2017,1485820800,86400,2017,2017,1,1,1,0,January,31,0,0,0,0,1,3,2,Tuesday,31,31,31,5,5,5,1,2,1,5
33,2/1/2017,1485907200,86400,2017,2017,1,1,2,1,February,1,0,0,0,0,1,4,3,Wednesday,1,32,32,5,5,5,1,2,1,1
34,2/2/2017,1485993600,86400,2017,2017,1,1,2,1,February,2,0,0,0,0,1,5,4,Thursday,2,33,33,1,5,5,1,2,1,1
35,2/3/2017,1486080000,86400,2017,2017,1,1,2,1,February,3,0,0,0,0,1,6,5,Friday,3,34,34,1,5,5,1,2,1,1
36,2/4/2017,1486166400,86400,2017,2017,1,1,2,1,February,4,0,0,0,0,1,7,6,Saturday,4,35,35,1,5,5,1,2,1,1
37,2/5/2017,1486252800,86400,2017,2017,1,1,2,1,February,5,0,0,0,0,1,1,0,Sunday,5,36,36,1,6,5,0,0,2,1
38,2/6/2017,1486339200,86400,2017,2017,1,1,2,1,February,6,0,0,0,0,1,2,1,Monday,6,37,37,2,6,6,0,0,2,1
39,2/7/2017,1486425600,86400,2017,2017,1,1,2,1,February,7,0,0,0,0,1,3,2,Tuesday,7,38,38,2,6,6,0,0,2,2
40,2/8/2017,1486512000,86400,2017,2017,1,1,2,1,February,8,0,0,0,0,1,4,3,Wednesday,8,39,39,2,6,6,0,0,2,2
41,2/9/2017,1486598400,86400,2017,2017,1,1,2,1,February,9,0,0,0,0,1,5,4,Thursday,9,40,40,2,6,6,0,0,2,2
42,2/10/2017,1486684800,86400,2017,2017,1,1,2,1,February,10,0,0,0,0,1,6,5,Friday,10,41,41,2,6,6,0,0,2,2
43,2/11/2017,1486771200,86400,2017,2017,1,1,2,1,February,11,0,0,0,0,1,7,6,Saturday,11,42,42,2,6,6,0,0,2,2
44,2/12/2017,1486857600,86400,2017,2017,1,1,2,1,February,12,0,0,0,0,1,1,0,Sunday,12,43,43,2,7,6,1,1,3,2
45,2/13/2017,1486944000,86400,2017,2017,1,1,2,1,February,13,0,0,0,0,1,2,1,Monday,13,44,44,3,7,7,1,1,3,2
46,2/14/2017,1487030400,86400,2017,2017,1,1,2,1,February,14,0,0,0,0,1,3,2,Tuesday,14,45,45,3,7,7,1,1,3,3
47,2/15/2017,1487116800,86400,2017,2017,1,1,2,1,February,15,0,0,0,0,1,4,3,Wednesday,15,46,46,3,7,7,1,1,3,3
48,2/16/2017,1487203200,86400,2017,2017,1,1,2,1,February,16,0,0,0,0,1,5,4,Thursday,16,47,47,3,7,7,1,1,3,3
49,2/17/2017,1487289600,86400,2017,2017,1,1,2,1,February,17,0,0,0,0,1,6,5,Friday,17,48,48,3,7,7,1,1,3,3
50,2/18/2017,1487376000,86400,2017,2017,1,1,2,1,February,18,0,0,0,0,1,7,6,Saturday,18,49,49,3,7,7,1,1,3,3
51,2/19/2017,1487462400,86400,2017,2017,1,1,2,1,February,19,0,0,0,0,1,1,0,Sunday,19,50,50,3,8,7,0,2,0,3
52,2/20/2017,1487548800,86400,2017,2017,1,1,2,1,February,20,0,0,0,0,1,2,1,Monday,20,51,51,4,8,8,0,2,0,3
53,2/21/2017,1487635200,86400,2017,2017,1,1,2,1,February,21,0,0,0,0,1,3,2,Tuesday,21,52,52,4,8,8,0,2,0,4
54,2/22/2017,1487721600,86400,2017,2017,1,1,2,1,February,22,0,0,0,0,1,4,3,Wednesday,22,53,53,4,8,8,0,2,0,4
55,2/23/2017,1487808000,86400,2017,2017,1,1,2,1,February,23,0,0,0,0,1,5,4,Thursday,23,54,54,4,8,8,0,2,0,4
56,2/24/2017,1487894400,86400,2017,2017,1,1,2,1,February,24,0,0,0,0,1,6,5,Friday,24,55,55,4,8,8,0,2,0,4
57,2/25/2017,1487980800,86400,2017,2017,1,1,2,1,February,25,0,0,0,0,1,7,6,Saturday,25,56,56,4,8,8,0,2,0,4
58,2/26/2017,1488067200,86400,2017,2017,1,1,2,1,February,26,0,0,0,0,1,1,0,Sunday,26,57,57,4,9,8,1,0,1,4
59,2/27/2017,1488153600,86400,2017,2017,1,1,2,1,February,27,0,0,0,0,1,2,1,Monday,27,58,58,5,9,9,1,0,1,4
60,2/28/2017,1488240000,86400,2017,2017,1,1,2,1,February,28,0,0,0,0,1,3,2,Tuesday,28,59,59,5,9,9,1,0,1,5
61,3/1/2017,1488326400,86400,2017,2017,1,1,3,2,March,1,0,0,0,0,1,4,3,Wednesday,1,60,60,5,9,9,1,0,1,1
62,3/2/2017,1488412800,86400,2017,2017,1,1,3,2,March,2,0,0,0,0,1,5,4,Thursday,2,61,61,1,9,9,1,0,1,1
63,3/3/2017,1488499200,86400,2017,2017,1,1,3,2,March,3,0,0,0,0,1,6,5,Friday,3,62,62,1,9,9,1,0,1,1
64,3/4/2017,1488585600,86400,2017,2017,1,1,3,2,March,4,0,0,0,0,1,7,6,Saturday,4,63,63,1,9,9,1,0,1,1
65,3/5/2017,1488672000,86400,2017,2017,1,1,3,2,March,5,0,0,0,0,1,1,0,Sunday,5,64,64,1,10,9,0,1,2,1
66,3/6/2017,1488758400,86400,2017,2017,1,1,3,2,March,6,0,0,0,0,1,2,1,Monday,6,65,65,2,10,10,0,1,2,1
67,3/7/2017,1488844800,86400,2017,2017,1,1,3,2,March,7,0,0,0,0,1,3,2,Tuesday,7,66,66,2,10,10,0,1,2,2
68,3/8/2017,1488931200,86400,2017,2017,1,1,3,2,March,8,0,0,0,0,1,4,3,Wednesday,8,67,67,2,10,10,0,1,2,2
69,3/9/2017,1489017600,86400,2017,2017,1,1,3,2,March,9,0,0,0,0,1,5,4,Thursday,9,68,68,2,10,10,0,1,2,2
70,3/10/2017,1489104000,86400,2017,2017,1,1,3,2,March,10,0,0,0,0,1,6,5,Friday,10,69,69,2,10,10,0,1,2,2
71,3/11/2017,1489190400,86400,2017,2017,1,1,3,2,March,11,0,0,0,0,1,7,6,Saturday,11,70,70,2,10,10,0,1,2,2
72,3/12/2017,1489276800,86400,2017,2017,1,1,3,2,March,12,0,0,0,0,1,1,0,Sunday,12,71,71,2,11,10,1,2,3,2
73,3/13/2017,1489363200,86400,2017,2017,1,1,3,2,March,13,0,0,0,0,1,2,1,Monday,13,72,72,3,11,11,1,2,3,2
74,3/14/2017,1489449600,86400,2017,2017,1,1,3,2,March,14,0,0,0,0,1,3,2,Tuesday,14,73,73,3,11,11,1,2,3,3
75,3/15/2017,1489536000,86400,2017,2017,1,1,3,2,March,15,0,0,0,0,1,4,3,Wednesday,15,74,74,3,11,11,1,2,3,3
76,3/16/2017,1489622400,86400,2017,2017,1,1,3,2,March,16,0,0,0,0,1,5,4,Thursday,16,75,75,3,11,11,1,2,3,3
77,3/17/2017,1489708800,86400,2017,2017,1,1,3,2,March,17,0,0,0,0,1,6,5,Friday,17,76,76,3,11,11,1,2,3,3
78,3/18/2017,1489795200,86400,2017,2017,1,1,3,2,March,18,0,0,0,0,1,7,6,Saturday,18,77,77,3,11,11,1,2,3,3
79,3/19/2017,1489881600,86400,2017,2017,1,1,3,2,March,19,0,0,0,0,1,1,0,Sunday,19,78,78,3,12,11,0,0,0,3
80,3/20/2017,1489968000,86400,2017,2017,1,1,3,2,March,20,0,0,0,0,1,2,1,Monday,20,79,79,4,12,12,0,0,0,3
81,3/21/2017,1490054400,86400,2017,2017,1,1,3,2,March,21,0,0,0,0,1,3,2,Tuesday,21,80,80,4,12,12,0,0,0,4
82,3/22/2017,1490140800,86400,2017,2017,1,1,3,2,March,22,0,0,0,0,1,4,3,Wednesday,22,81,81,4,12,12,0,0,0,4
83,3/23/2017,1490227200,86400,2017,2017,1,1,3,2,March,23,0,0,0,0,1,5,4,Thursday,23,82,82,4,12,12,0,0,0,4
84,3/24/2017,1490313600,86400,2017,2017,1,1,3,2,March,24,0,0,0,0,1,6,5,Friday,24,83,83,4,12,12,0,0,0,4
85,3/25/2017,1490400000,86400,2017,2017,1,1,3,2,March,25,0,0,0,0,1,7,6,Saturday,25,84,84,4,12,12,0,0,0,4
86,3/26/2017,1490486400,86400,2017,2017,1,1,3,2,March,26,0,0,0,0,1,1,0,Sunday,26,85,85,4,13,12,1,1,1,4
87,3/27/2017,1490572800,86400,2017,2017,1,1,3,2,March,27,0,0,0,0,1,2,1,Monday,27,86,86,5,13,13,1,1,1,4
88,3/28/2017,1490659200,86400,2017,2017,1,1,3,2,March,28,0,0,0,0,1,3,2,Tuesday,28,87,87,5,13,13,1,1,1,5
89,3/29/2017,1490745600,86400,2017,2017,1,1,3,2,March,29,0,0,0,0,1,4,3,Wednesday,29,88,88,5,13,13,1,1,1,5
90,3/30/2017,1490832000,86400,2017,2017,1,1,3,2,March,30,0,0,0,0,1,5,4,Thursday,30,89,89,5,13,13,1,1,1,5
91,3/31/2017,1490918400,86400,2017,2017,1,1,3,2,March,31,0,0,0,0,1,6,5,Friday,31,90,90,5,13,13,1,1,1,5
92,4/1/2017,1491004800,86400,2017,2017,1,2,4,3,April,1,0,0,0,0,1,7,6,Saturday,1,1,91,5,13,13,1,1,1,1
93,4/2/2017,1491091200,86400,2017,2017,1,2,4,3,April,2,0,0,0,0,1,1,0,Sunday,2,2,92,1,14,13,0,2,2,1
94,4/3/2017,1491177600,86400,2017,2017,1,2,4,3,April,3,0,0,0,0,1,2,1,Monday,3,3,93,2,14,14,0,2,2,1
95,4/4/2017,1491264000,86400,2017,2017,1,2,4,3,April,4,0,0,0,0,1,3,2,Tuesday,4,4,94,2,14,14,0,2,2,1
96,4/5/2017,1491350400,86400,2017,2017,1,2,4,3,April,5,0,0,0,0,1,4,3,Wednesday,5,5,95,2,14,14,0,2,2,1
97,4/6/2017,1491436800,86400,2017,2017,1,2,4,3,April,6,0,0,0,0,1,5,4,Thursday,6,6,96,2,14,14,0,2,2,1
98,4/7/2017,1491523200,86400,2017,2017,1,2,4,3,April,7,0,0,0,0,1,6,5,Friday,7,7,97,2,14,14,0,2,2,2
99,4/8/2017,1491609600,86400,2017,2017,1,2,4,3,April,8,0,0,0,0,1,7,6,Saturday,8,8,98,2,14,14,0,2,2,2
100,4/9/2017,1491696000,86400,2017,2017,1,2,4,3,April,9,0,0,0,0,1,1,0,Sunday,9,9,99,2,15,14,1,0,3,2
101,4/10/2017,1491782400,86400,2017,2017,1,2,4,3,April,10,0,0,0,0,1,2,1,Monday,10,10,100,3,15,15,1,0,3,2
102,4/11/2017,1491868800,86400,2017,2017,1,2,4,3,April,11,0,0,0,0,1,3,2,Tuesday,11,11,101,3,15,15,1,0,3,2
103,4/12/2017,1491955200,86400,2017,2017,1,2,4,3,April,12,0,0,0,0,1,4,3,Wednesday,12,12,102,3,15,15,1,0,3,2
104,4/13/2017,1492041600,86400,2017,2017,1,2,4,3,April,13,0,0,0,0,1,5,4,Thursday,13,13,103,3,15,15,1,0,3,2
105,4/14/2017,1492128000,86400,2017,2017,1,2,4,3,April,14,0,0,0,0,1,6,5,Friday,14,14,104,3,15,15,1,0,3,3
106,4/15/2017,1492214400,86400,2017,2017,1,2,4,3,April,15,0,0,0,0,1,7,6,Saturday,15,15,105,3,15,15,1,0,3,3
107,4/16/2017,1492300800,86400,2017,2017,1,2,4,3,April,16,0,0,0,0,1,1,0,Sunday,16,16,106,3,16,15,0,1,0,3
108,4/17/2017,1492387200,86400,2017,2017,1,2,4,3,April,17,0,0,0,0,1,2,1,Monday,17,17,107,4,16,16,0,1,0,3
109,4/18/2017,1492473600,86400,2017,2017,1,2,4,3,April,18,0,0,0,0,1,3,2,Tuesday,18,18,108,4,16,16,0,1,0,3
110,4/19/2017,1492560000,86400,2017,2017,1,2,4,3,April,19,0,0,0,0,1,4,3,Wednesday,19,19,109,4,16,16,0,1,0,3
111,4/20/2017,1492646400,86400,2017,2017,1,2,4,3,April,20,0,0,0,0,1,5,4,Thursday,20,20,110,4,16,16,0,1,0,3
112,4/21/2017,1492732800,86400,2017,2017,1,2,4,3,April,21,0,0,0,0,1,6,5,Friday,21,21,111,4,16,16,0,1,0,4
113,4/22/2017,1492819200,86400,2017,2017,1,2,4,3,April,22,0,0,0,0,1,7,6,Saturday,22,22,112,4,16,16,0,1,0,4
114,4/23/2017,1492905600,86400,2017,2017,1,2,4,3,April,23,0,0,0,0,1,1,0,Sunday,23,23,113,4,17,16,1,2,1,4
115,4/24/2017,1492992000,86400,2017,2017,1,2,4,3,April,24,0,0,0,0,1,2,1,Monday,24,24,114,5,17,17,1,2,1,4
116,4/25/2017,1493078400,86400,2017,2017,1,2,4,3,April,25,0,0,0,0,1,3,2,Tuesday,25,25,115,5,17,17,1,2,1,4
117,4/26/2017,1493164800,86400,2017,2017,1,2,4,3,April,26,0,0,0,0,1,4,3,Wednesday,26,26,116,5,17,17,1,2,1,4
118,4/27/2017,1493251200,86400,2017,2017,1,2,4,3,April,27,0,0,0,0,1,5,4,Thursday,27,27,117,5,17,17,1,2,1,4
119,4/28/2017,1493337600,86400,2017,2017,1,2,4,3,April,28,0,0,0,0,1,6,5,Friday,28,28,118,5,17,17,1,2,1,5
120,4/29/2017,1493424000,86400,2017,2017,1,2,4,3,April,29,0,0,0,0,1,7,6,Saturday,29,29,119,5,17,17,1,2,1,5
121,4/30/2017,1493510400,86400,2017,2017,1,2,4,3,April,30,0,0,0,0,1,1,0,Sunday,30,30,120,5,18,17,0,0,2,5
122,5/1/2017,1493596800,86400,2017,2017,1,2,5,4,May,1,0,0,0,0,1,2,1,Monday,1,31,121,6,18,18,0,0,2,1
123,5/2/2017,1493683200,86400,2017,2017,1,2,5,4,May,2,0,0,0,0,1,3,2,Tuesday,2,32,122,1,18,18,0,0,2,1
124,5/3/2017,1493769600,86400,2017,2017,1,2,5,4,May,3,0,0,0,0,1,4,3,Wednesday,3,33,123,1,18,18,0,0,2,1
125,5/4/2017,1493856000,86400,2017,2017,1,2,5,4,May,4,0,0,0,0,1,5,4,Thursday,4,34,124,1,18,18,0,0,2,1
126,5/5/2017,1493942400,86400,2017,2017,1,2,5,4,May,5,0,0,0,0,1,6,5,Friday,5,35,125,1,18,18,0,0,2,1
127,5/6/2017,1494028800,86400,2017,2017,1,2,5,4,May,6,0,0,0,0,1,7,6,Saturday,6,36,126,1,18,18,0,0,2,1
128,5/7/2017,1494115200,86400,2017,2017,1,2,5,4,May,7,0,0,0,0,1,1,0,Sunday,7,37,127,1,19,18,1,1,3,2
129,5/8/2017,1494201600,86400,2017,2017,1,2,5,4,May,8,0,0,0,0,1,2,1,Monday,8,38,128,2,19,19,1,1,3,2
130,5/9/2017,1494288000,86400,2017,2017,1,2,5,4,May,9,0,0,0,0,1,3,2,Tuesday,9,39,129,2,19,19,1,1,3,2
131,5/10/2017,1494374400,86400,2017,2017,1,2,5,4,May,10,0,0,0,0,1,4,3,Wednesday,10,40,130,2,19,19,1,1,3,2
132,5/11/2017,1494460800,86400,2017,2017,1,2,5,4,May,11,0,0,0,0,1,5,4,Thursday,11,41,131,2,19,19,1,1,3,2
133,5/12/2017,1494547200,86400,2017,2017,1,2,5,4,May,12,0,0,0,0,1,6,5,Friday,12,42,132,2,19,19,1,1,3,2
134,5/13/2017,1494633600,86400,2017,2017,1,2,5,4,May,13,0,0,0,0,1,7,6,Saturday,13,43,133,2,19,19,1,1,3,2
135,5/14/2017,1494720000,86400,2017,2017,1,2,5,4,May,14,0,0,0,0,1,1,0,Sunday,14,44,134,2,20,19,0,2,0,3
136,5/15/2017,1494806400,86400,2017,2017,1,2,5,4,May,15,0,0,0,0,1,2,1,Monday,15,45,135,3,20,20,0,2,0,3
137,5/16/2017,1494892800,86400,2017,2017,1,2,5,4,May,16,0,0,0,0,1,3,2,Tuesday,16,46,136,3,20,20,0,2,0,3
138,5/17/2017,1494979200,86400,2017,2017,1,2,5,4,May,17,0,0,0,0,1,4,3,Wednesday,17,47,137,3,20,20,0,2,0,3
139,5/18/2017,1495065600,86400,2017,2017,1,2,5,4,May,18,0,0,0,0,1,5,4,Thursday,18,48,138,3,20,20,0,2,0,3
140,5/19/2017,1495152000,86400,2017,2017,1,2,5,4,May,19,0,0,0,0,1,6,5,Friday,19,49,139,3,20,20,0,2,0,3
141,5/20/2017,1495238400,86400,2017,2017,1,2,5,4,May,20,0,0,0,0,1,7,6,Saturday,20,50,140,3,20,20,0,2,0,3
142,5/21/2017,1495324800,86400,2017,2017,1,2,5,4,May,21,0,0,0,0,1,1,0,Sunday,21,51,141,3,21,20,1,0,1,4
143,5/22/2017,1495411200,86400,2017,2017,1,2,5,4,May,22,0,0,0,0,1,2,1,Monday,22,52,142,4,21,21,1,0,1,4
144,5/23/2017,1495497600,86400,2017,2017,1,2,5,4,May,23,0,0,0,0,1,3,2,Tuesday,23,53,143,4,21,21,1,0,1,4
145,5/24/2017,1495584000,86400,2017,2017,1,2,5,4,May,24,0,0,0,0,1,4,3,Wednesday,24,54,144,4,21,21,1,0,1,4
146,5/25/2017,1495670400,86400,2017,2017,1,2,5,4,May,25,0,0,0,0,1,5,4,Thursday,25,55,145,4,21,21,1,0,1,4
147,5/26/2017,1495756800,86400,2017,2017,1,2,5,4,May,26,0,0,0,0,1,6,5,Friday,26,56,146,4,21,21,1,0,1,4
148,5/27/2017,1495843200,86400,2017,2017,1,2,5,4,May,27,0,0,0,0,1,7,6,Saturday,27,57,147,4,21,21,1,0,1,4
149,5/28/2017,1495929600,86400,2017,2017,1,2,5,4,May,28,0,0,0,0,1,1,0,Sunday,28,58,148,4,22,21,0,1,2,5
150,5/29/2017,1496016000,86400,2017,2017,1,2,5,4,May,29,0,0,0,0,1,2,1,Monday,29,59,149,5,22,22,0,1,2,5
151,5/30/2017,1496102400,86400,2017,2017,1,2,5,4,May,30,0,0,0,0,1,3,2,Tuesday,30,60,150,5,22,22,0,1,2,5
152,5/31/2017,1496188800,86400,2017,2017,1,2,5,4,May,31,0,0,0,0,1,4,3,Wednesday,31,61,151,5,22,22,0,1,2,5
153,6/1/2017,1496275200,86400,2017,2017,1,2,6,5,June,1,0,0,0,0,1,5,4,Thursday,1,62,152,5,22,22,0,1,2,1
154,6/2/2017,1496361600,86400,2017,2017,1,2,6,5,June,2,0,0,0,0,1,6,5,Friday,2,63,153,1,22,22,0,1,2,1
155,6/3/2017,1496448000,86400,2017,2017,1,2,6,5,June,3,0,0,0,0,1,7,6,Saturday,3,64,154,1,22,22,0,1,2,1
156,6/4/2017,1496534400,86400,2017,2017,1,2,6,5,June,4,0,0,0,0,1,1,0,Sunday,4,65,155,1,23,22,1,2,3,1
157,6/5/2017,1496620800,86400,2017,2017,1,2,6,5,June,5,0,0,0,0,1,2,1,Monday,5,66,156,2,23,23,1,2,3,1
158,6/6/2017,1496707200,86400,2017,2017,1,2,6,5,June,6,0,0,0,0,1,3,2,Tuesday,6,67,157,2,23,23,1,2,3,1
159,6/7/2017,1496793600,86400,2017,2017,1,2,6,5,June,7,0,0,0,0,1,4,3,Wednesday,7,68,158,2,23,23,1,2,3,2
160,6/8/2017,1496880000,86400,2017,2017,1,2,6,5,June,8,0,0,0,0,1,5,4,Thursday,8,69,159,2,23,23,1,2,3,2
161,6/9/2017,1496966400,86400,2017,2017,1,2,6,5,June,9,0,0,0,0,1,6,5,Friday,9,70,160,2,23,23,1,2,3,2
162,6/10/2017,1497052800,86400,2017,2017,1,2,6,5,June,10,0,0,0,0,1,7,6,Saturday,10,71,161,2,23,23,1,2,3,2
163,6/11/2017,1497139200,86400,2017,2017,1,2,6,5,June,11,0,0,0,0,1,1,0,Sunday,11,72,162,2,24,23,0,0,0,2
164,6/12/2017,1497225600,86400,2017,2017,1,2,6,5,June,12,0,0,0,0,1,2,1,Monday,12,73,163,3,24,24,0,0,0,2
165,6/13/2017,1497312000,86400,2017,2017,1,2,6,5,June,13,0,0,0,0,1,3,2,Tuesday,13,74,164,3,24,24,0,0,0,2
166,6/14/2017,1497398400,86400,2017,2017,1,2,6,5,June,14,0,0,0,0,1,4,3,Wednesday,14,75,165,3,24,24,0,0,0,3
167,6/15/2017,1497484800,86400,2017,2017,1,2,6,5,June,15,0,0,0,0,1,5,4,Thursday,15,76,166,3,24,24,0,0,0,3
168,6/16/2017,1497571200,86400,2017,2017,1,2,6,5,June,16,0,0,0,0,1,6,5,Friday,16,77,167,3,24,24,0,0,0,3
169,6/17/2017,1497657600,86400,2017,2017,1,2,6,5,June,17,0,0,0,0,1,7,6,Saturday,17,78,168,3,24,24,0,0,0,3
170,6/18/2017,1497744000,86400,2017,2017,1,2,6,5,June,18,0,0,0,0,1,1,0,Sunday,18,79,169,3,25,24,1,1,1,3
171,6/19/2017,1497830400,86400,2017,2017,1,2,6,5,June,19,0,0,0,0,1,2,1,Monday,19,80,170,4,25,25,1,1,1,3
172,6/20/2017,1497916800,86400,2017,2017,1,2,6,5,June,20,0,0,0,0,1,3,2,Tuesday,20,81,171,4,25,25,1,1,1,3
173,6/21/2017,1498003200,86400,2017,2017,1,2,6,5,June,21,0,0,0,0,1,4,3,Wednesday,21,82,172,4,25,25,1,1,1,4
174,6/22/2017,1498089600,86400,2017,2017,1,2,6,5,June,22,0,0,0,0,1,5,4,Thursday,22,83,173,4,25,25,1,1,1,4
175,6/23/2017,1498176000,86400,2017,2017,1,2,6,5,June,23,0,0,0,0,1,6,5,Friday,23,84,174,4,25,25,1,1,1,4
176,6/24/2017,1498262400,86400,2017,2017,1,2,6,5,June,24,0,0,0,0,1,7,6,Saturday,24,85,175,4,25,25,1,1,1,4
177,6/25/2017,1498348800,86400,2017,2017,1,2,6,5,June,25,0,0,0,0,1,1,0,Sunday,25,86,176,4,26,25,0,2,2,4
178,6/26/2017,1498435200,86400,2017,2017,1,2,6,5,June,26,0,0,0,0,1,2,1,Monday,26,87,177,5,26,26,0,2,2,4
179,6/27/2017,1498521600,86400,2017,2017,1,2,6,5,June,27,0,0,0,0,1,3,2,Tuesday,27,88,178,5,26,26,0,2,2,4
180,6/28/2017,1498608000,86400,2017,2017,1,2,6,5,June,28,0,0,0,0,1,4,3,Wednesday,28,89,179,5,26,26,0,2,2,5
181,6/29/2017,1498694400,86400,2017,2017,1,2,6,5,June,29,0,0,0,0,1,5,4,Thursday,29,90,180,5,26,26,0,2,2,5
182,6/30/2017,1498780800,86400,2017,2017,1,2,6,5,June,30,0,0,0,0,1,6,5,Friday,30,91,181,5,26,26,0,2,2,5
183,7/1/2017,1498867200,86400,2017,2017,2,3,7,6,July,1,0,0,0,0,1,7,6,Saturday,1,1,182,5,26,26,0,2,2,1
184,7/2/2017,1498953600,86400,2017,2017,2,3,7,6,July,2,0,0,0,0,1,1,0,Sunday,2,2,183,1,27,26,1,0,3,1
185,7/3/2017,1499040000,86400,2017,2017,2,3,7,6,July,3,0,0,0,0,1,2,1,Monday,3,3,184,2,27,27,1,0,3,1
186,7/4/2017,1499126400,86400,2017,2017,2,3,7,6,July,4,0,0,0,0,1,3,2,Tuesday,4,4,185,2,27,27,1,0,3,1
187,7/5/2017,1499212800,86400,2017,2017,2,3,7,6,July,5,0,0,0,0,1,4,3,Wednesday,5,5,186,2,27,27,1,0,3,1
188,7/6/2017,1499299200,86400,2017,2017,2,3,7,6,July,6,0,0,0,0,1,5,4,Thursday,6,6,187,2,27,27,1,0,3,1
189,7/7/2017,1499385600,86400,2017,2017,2,3,7,6,July,7,0,0,0,0,1,6,5,Friday,7,7,188,2,27,27,1,0,3,2
190,7/8/2017,1499472000,86400,2017,2017,2,3,7,6,July,8,0,0,0,0,1,7,6,Saturday,8,8,189,2,27,27,1,0,3,2
191,7/9/2017,1499558400,86400,2017,2017,2,3,7,6,July,9,0,0,0,0,1,1,0,Sunday,9,9,190,2,28,27,0,1,0,2
192,7/10/2017,1499644800,86400,2017,2017,2,3,7,6,July,10,0,0,0,0,1,2,1,Monday,10,10,191,3,28,28,0,1,0,2
193,7/11/2017,1499731200,86400,2017,2017,2,3,7,6,July,11,0,0,0,0,1,3,2,Tuesday,11,11,192,3,28,28,0,1,0,2
194,7/12/2017,1499817600,86400,2017,2017,2,3,7,6,July,12,0,0,0,0,1,4,3,Wednesday,12,12,193,3,28,28,0,1,0,2
195,7/13/2017,1499904000,86400,2017,2017,2,3,7,6,July,13,0,0,0,0,1,5,4,Thursday,13,13,194,3,28,28,0,1,0,2
196,7/14/2017,1499990400,86400,2017,2017,2,3,7,6,July,14,0,0,0,0,1,6,5,Friday,14,14,195,3,28,28,0,1,0,3
197,7/15/2017,1500076800,86400,2017,2017,2,3,7,6,July,15,0,0,0,0,1,7,6,Saturday,15,15,196,3,28,28,0,1,0,3
198,7/16/2017,1500163200,86400,2017,2017,2,3,7,6,July,16,0,0,0,0,1,1,0,Sunday,16,16,197,3,29,28,1,2,1,3
199,7/17/2017,1500249600,86400,2017,2017,2,3,7,6,July,17,0,0,0,0,1,2,1,Monday,17,17,198,4,29,29,1,2,1,3
200,7/18/2017,1500336000,86400,2017,2017,2,3,7,6,July,18,0,0,0,0,1,3,2,Tuesday,18,18,199,4,29,29,1,2,1,3
201,7/19/2017,1500422400,86400,2017,2017,2,3,7,6,July,19,0,0,0,0,1,4,3,Wednesday,19,19,200,4,29,29,1,2,1,3
202,7/20/2017,1500508800,86400,2017,2017,2,3,7,6,July,20,0,0,0,0,1,5,4,Thursday,20,20,201,4,29,29,1,2,1,3
203,7/21/2017,1500595200,86400,2017,2017,2,3,7,6,July,21,0,0,0,0,1,6,5,Friday,21,21,202,4,29,29,1,2,1,4
204,7/22/2017,1500681600,86400,2017,2017,2,3,7,6,July,22,0,0,0,0,1,7,6,Saturday,22,22,203,4,29,29,1,2,1,4
205,7/23/2017,1500768000,86400,2017,2017,2,3,7,6,July,23,0,0,0,0,1,1,0,Sunday,23,23,204,4,30,29,0,0,2,4
206,7/24/2017,1500854400,86400,2017,2017,2,3,7,6,July,24,0,0,0,0,1,2,1,Monday,24,24,205,5,30,30,0,0,2,4
207,7/25/2017,1500940800,86400,2017,2017,2,3,7,6,July,25,0,0,0,0,1,3,2,Tuesday,25,25,206,5,30,30,0,0,2,4
208,7/26/2017,1501027200,86400,2017,2017,2,3,7,6,July,26,0,0,0,0,1,4,3,Wednesday,26,26,207,5,30,30,0,0,2,4
209,7/27/2017,1501113600,86400,2017,2017,2,3,7,6,July,27,0,0,0,0,1,5,4,Thursday,27,27,208,5,30,30,0,0,2,4
210,7/28/2017,1501200000,86400,2017,2017,2,3,7,6,July,28,0,0,0,0,1,6,5,Friday,28,28,209,5,30,30,0,0,2,5
211,7/29/2017,1501286400,86400,2017,2017,2,3,7,6,July,29,0,0,0,0,1,7,6,Saturday,29,29,210,5,30,30,0,0,2,5
212,7/30/2017,1501372800,86400,2017,2017,2,3,7,6,July,30,0,0,0,0,1,1,0,Sunday,30,30,211,5,31,30,1,1,3,5
213,7/31/2017,1501459200,86400,2017,2017,2,3,7,6,July,31,0,0,0,0,1,2,1,Monday,31,31,212,6,31,31,1,1,3,5
214,8/1/2017,1501545600,86400,2017,2017,2,3,8,7,August,1,0,0,0,0,1,3,2,Tuesday,1,32,213,6,31,31,1,1,3,1
215,8/2/2017,1501632000,86400,2017,2017,2,3,8,7,August,2,0,0,0,0,1,4,3,Wednesday,2,33,214,1,31,31,1,1,3,1
216,8/3/2017,1501718400,86400,2017,2017,2,3,8,7,August,3,0,0,0,0,1,5,4,Thursday,3,34,215,1,31,31,1,1,3,1
217,8/4/2017,1501804800,86400,2017,2017,2,3,8,7,August,4,0,0,0,0,1,6,5,Friday,4,35,216,1,31,31,1,1,3,1
218,8/5/2017,1501891200,86400,2017,2017,2,3,8,7,August,5,0,0,0,0,1,7,6,Saturday,5,36,217,1,31,31,1,1,3,1
219,8/6/2017,1501977600,86400,2017,2017,2,3,8,7,August,6,0,0,0,0,1,1,0,Sunday,6,37,218,1,32,31,0,2,0,1
220,8/7/2017,1502064000,86400,2017,2017,2,3,8,7,August,7,0,0,0,0,1,2,1,Monday,7,38,219,2,32,32,0,2,0,2
221,8/8/2017,1502150400,86400,2017,2017,2,3,8,7,August,8,0,0,0,0,1,3,2,Tuesday,8,39,220,2,32,32,0,2,0,2
222,8/9/2017,1502236800,86400,2017,2017,2,3,8,7,August,9,0,0,0,0,1,4,3,Wednesday,9,40,221,2,32,32,0,2,0,2
223,8/10/2017,1502323200,86400,2017,2017,2,3,8,7,August,10,0,0,0,0,1,5,4,Thursday,10,41,222,2,32,32,0,2,0,2
224,8/11/2017,1502409600,86400,2017,2017,2,3,8,7,August,11,0,0,0,0,1,6,5,Friday,11,42,223,2,32,32,0,2,0,2
225,8/12/2017,1502496000,86400,2017,2017,2,3,8,7,August,12,0,0,0,0,1,7,6,Saturday,12,43,224,2,32,32,0,2,0,2
226,8/13/2017,1502582400,86400,2017,2017,2,3,8,7,August,13,0,0,0,0,1,1,0,Sunday,13,44,225,2,33,32,1,0,1,2
227,8/14/2017,1502668800,86400,2017,2017,2,3,8,7,August,14,0,0,0,0,1,2,1,Monday,14,45,226,3,33,33,1,0,1,3
228,8/15/2017,1502755200,86400,2017,2017,2,3,8,7,August,15,0,0,0,0,1,3,2,Tuesday,15,46,227,3,33,33,1,0,1,3
229,8/16/2017,1502841600,86400,2017,2017,2,3,8,7,August,16,0,0,0,0,1,4,3,Wednesday,16,47,228,3,33,33,1,0,1,3
230,8/17/2017,1502928000,86400,2017,2017,2,3,8,7,August,17,0,0,0,0,1,5,4,Thursday,17,48,229,3,33,33,1,0,1,3
231,8/18/2017,1503014400,86400,2017,2017,2,3,8,7,August,18,0,0,0,0,1,6,5,Friday,18,49,230,3,33,33,1,0,1,3
232,8/19/2017,1503100800,86400,2017,2017,2,3,8,7,August,19,0,0,0,0,1,7,6,Saturday,19,50,231,3,33,33,1,0,1,3
233,8/20/2017,1503187200,86400,2017,2017,2,3,8,7,August,20,0,0,0,0,1,1,0,Sunday,20,51,232,3,34,33,0,1,2,3
234,8/21/2017,1503273600,86400,2017,2017,2,3,8,7,August,21,0,0,0,0,1,2,1,Monday,21,52,233,4,34,34,0,1,2,4
235,8/22/2017,1503360000,86400,2017,2017,2,3,8,7,August,22,0,0,0,0,1,3,2,Tuesday,22,53,234,4,34,34,0,1,2,4
236,8/23/2017,1503446400,86400,2017,2017,2,3,8,7,August,23,0,0,0,0,1,4,3,Wednesday,23,54,235,4,34,34,0,1,2,4
237,8/24/2017,1503532800,86400,2017,2017,2,3,8,7,August,24,0,0,0,0,1,5,4,Thursday,24,55,236,4,34,34,0,1,2,4
238,8/25/2017,1503619200,86400,2017,2017,2,3,8,7,August,25,0,0,0,0,1,6,5,Friday,25,56,237,4,34,34,0,1,2,4
239,8/26/2017,1503705600,86400,2017,2017,2,3,8,7,August,26,0,0,0,0,1,7,6,Saturday,26,57,238,4,34,34,0,1,2,4
240,8/27/2017,1503792000,86400,2017,2017,2,3,8,7,August,27,0,0,0,0,1,1,0,Sunday,27,58,239,4,35,34,1,2,3,4
241,8/28/2017,1503878400,86400,2017,2017,2,3,8,7,August,28,0,0,0,0,1,2,1,Monday,28,59,240,5,35,35,1,2,3,5
242,8/29/2017,1503964800,86400,2017,2017,2,3,8,7,August,29,0,0,0,0,1,3,2,Tuesday,29,60,241,5,35,35,1,2,3,5
243,8/30/2017,1504051200,86400,2017,2017,2,3,8,7,August,30,0,0,0,0,1,4,3,Wednesday,30,61,242,5,35,35,1,2,3,5
244,8/31/2017,1504137600,86400,2017,2017,2,3,8,7,August,31,0,0,0,0,1,5,4,Thursday,31,62,243,5,35,35,1,2,3,5
245,9/1/2017,1504224000,86400,2017,2017,2,3,9,8,September,1,0,0,0,0,1,6,5,Friday,1,63,244,5,35,35,1,2,3,1
246,9/2/2017,1504310400,86400,2017,2017,2,3,9,8,September,2,0,0,0,0,1,7,6,Saturday,2,64,245,1,35,35,1,2,3,1
247,9/3/2017,1504396800,86400,2017,2017,2,3,9,8,September,3,0,0,0,0,1,1,0,Sunday,3,65,246,1,36,35,0,0,0,1
248,9/4/2017,1504483200,86400,2017,2017,2,3,9,8,September,4,0,0,0,0,1,2,1,Monday,4,66,247,2,36,36,0,0,0,1
249,9/5/2017,1504569600,86400,2017,2017,2,3,9,8,September,5,0,0,0,0,1,3,2,Tuesday,5,67,248,2,36,36,0,0,0,1
250,9/6/2017,1504656000,86400,2017,2017,2,3,9,8,September,6,0,0,0,0,1,4,3,Wednesday,6,68,249,2,36,36,0,0,0,1
251,9/7/2017,1504742400,86400,2017,2017,2,3,9,8,September,7,0,0,0,0,1,5,4,Thursday,7,69,250,2,36,36,0,0,0,2
252,9/8/2017,1504828800,86400,2017,2017,2,3,9,8,September,8,0,0,0,0,1,6,5,Friday,8,70,251,2,36,36,0,0,0,2
253,9/9/2017,1504915200,86400,2017,2017,2,3,9,8,September,9,0,0,0,0,1,7,6,Saturday,9,71,252,2,36,36,0,0,0,2
254,9/10/2017,1505001600,86400,2017,2017,2,3,9,8,September,10,0,0,0,0,1,1,0,Sunday,10,72,253,2,37,36,1,1,1,2
255,9/11/2017,1505088000,86400,2017,2017,2,3,9,8,September,11,0,0,0,0,1,2,1,Monday,11,73,254,3,37,37,1,1,1,2
256,9/12/2017,1505174400,86400,2017,2017,2,3,9,8,September,12,0,0,0,0,1,3,2,Tuesday,12,74,255,3,37,37,1,1,1,2
257,9/13/2017,1505260800,86400,2017,2017,2,3,9,8,September,13,0,0,0,0,1,4,3,Wednesday,13,75,256,3,37,37,1,1,1,2
258,9/14/2017,1505347200,86400,2017,2017,2,3,9,8,September,14,0,0,0,0,1,5,4,Thursday,14,76,257,3,37,37,1,1,1,3
259,9/15/2017,1505433600,86400,2017,2017,2,3,9,8,September,15,0,0,0,0,1,6,5,Friday,15,77,258,3,37,37,1,1,1,3
260,9/16/2017,1505520000,86400,2017,2017,2,3,9,8,September,16,0,0,0,0,1,7,6,Saturday,16,78,259,3,37,37,1,1,1,3
261,9/17/2017,1505606400,86400,2017,2017,2,3,9,8,September,17,0,0,0,0,1,1,0,Sunday,17,79,260,3,38,37,0,2,2,3
262,9/18/2017,1505692800,86400,2017,2017,2,3,9,8,September,18,0,0,0,0,1,2,1,Monday,18,80,261,4,38,38,0,2,2,3
263,9/19/2017,1505779200,86400,2017,2017,2,3,9,8,September,19,0,0,0,0,1,3,2,Tuesday,19,81,262,4,38,38,0,2,2,3
264,9/20/2017,1505865600,86400,2017,2017,2,3,9,8,September,20,0,0,0,0,1,4,3,Wednesday,20,82,263,4,38,38,0,2,2,3
265,9/21/2017,1505952000,86400,2017,2017,2,3,9,8,September,21,0,0,0,0,1,5,4,Thursday,21,83,264,4,38,38,0,2,2,4
266,9/22/2017,1506038400,86400,2017,2017,2,3,9,8,September,22,0,0,0,0,1,6,5,Friday,22,84,265,4,38,38,0,2,2,4
267,9/23/2017,1506124800,86400,2017,2017,2,3,9,8,September,23,0,0,0,0,1,7,6,Saturday,23,85,266,4,38,38,0,2,2,4
268,9/24/2017,1506211200,86400,2017,2017,2,3,9,8,September,24,0,0,0,0,1,1,0,Sunday,24,86,267,4,39,38,1,0,3,4
269,9/25/2017,1506297600,86400,2017,2017,2,3,9,8,September,25,0,0,0,0,1,2,1,Monday,25,87,268,5,39,39,1,0,3,4
270,9/26/2017,1506384000,86400,2017,2017,2,3,9,8,September,26,0,0,0,0,1,3,2,Tuesday,26,88,269,5,39,39,1,0,3,4
271,9/27/2017,1506470400,86400,2017,2017,2,3,9,8,September,27,0,0,0,0,1,4,3,Wednesday,27,89,270,5,39,39,1,0,3,4
272,9/28/2017,1506556800,86400,2017,2017,2,3,9,8,September,28,0,0,0,0,1,5,4,Thursday,28,90,271,5,39,39,1,0,3,5
273,9/29/2017,1506643200,86400,2017,2017,2,3,9,8,September,29,0,0,0,0,1,6,5,Friday,29,91,272,5,39,39,1,0,3,5
274,9/30/2017,1506729600,86400,2017,2017,2,3,9,8,September,30,0,0,0,0,1,7,6,Saturday,30,92,273,5,39,39,1,0,3,5
275,10/1/2017,1506816000,86400,2017,2017,2,4,10,9,October,1,0,0,0,0,1,1,0,Sunday,1,1,274,5,40,39,0,1,0,1
276,10/2/2017,1506902400,86400,2017,2017,2,4,10,9,October,2,0,0,0,0,1,2,1,Monday,2,2,275,1,40,40,0,1,0,1
277,10/3/2017,1506988800,86400,2017,2017,2,4,10,9,October,3,0,0,0,0,1,3,2,Tuesday,3,3,276,1,40,40,0,1,0,1
278,10/4/2017,1507075200,86400,2017,2017,2,4,10,9,October,4,0,0,0,0,1,4,3,Wednesday,4,4,277,1,40,40,0,1,0,1
279,10/5/2017,1507161600,86400,2017,2017,2,4,10,9,October,5,0,0,0,0,1,5,4,Thursday,5,5,278,1,40,40,0,1,0,1
280,10/6/2017,1507248000,86400,2017,2017,2,4,10,9,October,6,0,0,0,0,1,6,5,Friday,6,6,279,1,40,40,0,1,0,1
281,10/7/2017,1507334400,86400,2017,2017,2,4,10,9,October,7,0,0,0,0,1,7,6,Saturday,7,7,280,1,40,40,0,1,0,2
282,10/8/2017,1507420800,86400,2017,2017,2,4,10,9,October,8,0,0,0,0,1,1,0,Sunday,8,8,281,1,41,40,1,2,1,2
283,10/9/2017,1507507200,86400,2017,2017,2,4,10,9,October,9,0,0,0,0,1,2,1,Monday,9,9,282,2,41,41,1,2,1,2
284,10/10/2017,1507593600,86400,2017,2017,2,4,10,9,October,10,0,0,0,0,1,3,2,Tuesday,10,10,283,2,41,41,1,2,1,2
285,10/11/2017,1507680000,86400,2017,2017,2,4,10,9,October,11,0,0,0,0,1,4,3,Wednesday,11,11,284,2,41,41,1,2,1,2
286,10/12/2017,1507766400,86400,2017,2017,2,4,10,9,October,12,0,0,0,0,1,5,4,Thursday,12,12,285,2,41,41,1,2,1,2
287,10/13/2017,1507852800,86400,2017,2017,2,4,10,9,October,13,0,0,0,0,1,6,5,Friday,13,13,286,2,41,41,1,2,1,2
288,10/14/2017,1507939200,86400,2017,2017,2,4,10,9,October,14,0,0,0,0,1,7,6,Saturday,14,14,287,2,41,41,1,2,1,3
289,10/15/2017,1508025600,86400,2017,2017,2,4,10,9,October,15,0,0,0,0,1,1,0,Sunday,15,15,288,2,42,41,0,0,2,3
290,10/16/2017,1508112000,86400,2017,2017,2,4,10,9,October,16,0,0,0,0,1,2,1,Monday,16,16,289,3,42,42,0,0,2,3
291,10/17/2017,1508198400,86400,2017,2017,2,4,10,9,October,17,0,0,0,0,1,3,2,Tuesday,17,17,290,3,42,42,0,0,2,3
292,10/18/2017,1508284800,86400,2017,2017,2,4,10,9,October,18,0,0,0,0,1,4,3,Wednesday,18,18,291,3,42,42,0,0,2,3
293,10/19/2017,1508371200,86400,2017,2017,2,4,10,9,October,19,0,0,0,0,1,5,4,Thursday,19,19,292,3,42,42,0,0,2,3
294,10/20/2017,1508457600,86400,2017,2017,2,4,10,9,October,20,0,0,0,0,1,6,5,Friday,20,20,293,3,42,42,0,0,2,3
295,10/21/2017,1508544000,86400,2017,2017,2,4,10,9,October,21,0,0,0,0,1,7,6,Saturday,21,21,294,3,42,42,0,0,2,4
296,10/22/2017,1508630400,86400,2017,2017,2,4,10,9,October,22,0,0,0,0,1,1,0,Sunday,22,22,295,3,43,42,1,1,3,4
297,10/23/2017,1508716800,86400,2017,2017,2,4,10,9,October,23,0,0,0,0,1,2,1,Monday,23,23,296,4,43,43,1,1,3,4
298,10/24/2017,1508803200,86400,2017,2017,2,4,10,9,October,24,0,0,0,0,1,3,2,Tuesday,24,24,297,4,43,43,1,1,3,4
299,10/25/2017,1508889600,86400,2017,2017,2,4,10,9,October,25,0,0,0,0,1,4,3,Wednesday,25,25,298,4,43,43,1,1,3,4
300,10/26/2017,1508976000,86400,2017,2017,2,4,10,9,October,26,0,0,0,0,1,5,4,Thursday,26,26,299,4,43,43,1,1,3,4
301,10/27/2017,1509062400,86400,2017,2017,2,4,10,9,October,27,0,0,0,0,1,6,5,Friday,27,27,300,4,43,43,1,1,3,4
302,10/28/2017,1509148800,86400,2017,2017,2,4,10,9,October,28,0,0,0,0,1,7,6,Saturday,28,28,301,4,43,43,1,1,3,5
303,10/29/2017,1509235200,86400,2017,2017,2,4,10,9,October,29,0,0,0,0,1,1,0,Sunday,29,29,302,4,44,43,0,2,0,5
304,10/30/2017,1509321600,86400,2017,2017,2,4,10,9,October,30,0,0,0,0,1,2,1,Monday,30,30,303,5,44,44,0,2,0,5
305,10/31/2017,1509408000,86400,2017,2017,2,4,10,9,October,31,0,0,0,0,1,3,2,Tuesday,31,31,304,5,44,44,0,2,0,5
306,11/1/2017,1509494400,86400,2017,2017,2,4,11,10,November,1,0,0,0,0,1,4,3,Wednesday,1,32,305,5,44,44,0,2,0,1
307,11/2/2017,1509580800,86400,2017,2017,2,4,11,10,November,2,0,0,0,0,1,5,4,Thursday,2,33,306,1,44,44,0,2,0,1
308,11/3/2017,1509667200,86400,2017,2017,2,4,11,10,November,3,0,0,0,0,1,6,5,Friday,3,34,307,1,44,44,0,2,0,1
309,11/4/2017,1509753600,86400,2017,2017,2,4,11,10,November,4,0,0,0,0,1,7,6,Saturday,4,35,308,1,44,44,0,2,0,1
310,11/5/2017,1509840000,86400,2017,2017,2,4,11,10,November,5,0,0,0,0,1,1,0,Sunday,5,36,309,1,45,44,1,0,1,1
311,11/6/2017,1509926400,86400,2017,2017,2,4,11,10,November,6,0,0,0,0,1,2,1,Monday,6,37,310,2,45,45,1,0,1,1
312,11/7/2017,1510012800,86400,2017,2017,2,4,11,10,November,7,0,0,0,0,1,3,2,Tuesday,7,38,311,2,45,45,1,0,1,2
313,11/8/2017,1510099200,86400,2017,2017,2,4,11,10,November,8,0,0,0,0,1,4,3,Wednesday,8,39,312,2,45,45,1,0,1,2
314,11/9/2017,1510185600,86400,2017,2017,2,4,11,10,November,9,0,0,0,0,1,5,4,Thursday,9,40,313,2,45,45,1,0,1,2
315,11/10/2017,1510272000,86400,2017,2017,2,4,11,10,November,10,0,0,0,0,1,6,5,Friday,10,41,314,2,45,45,1,0,1,2
316,11/11/2017,1510358400,86400,2017,2017,2,4,11,10,November,11,0,0,0,0,1,7,6,Saturday,11,42,315,2,45,45,1,0,1,2
317,11/12/2017,1510444800,86400,2017,2017,2,4,11,10,November,12,0,0,0,0,1,1,0,Sunday,12,43,316,2,46,45,0,1,2,2
318,11/13/2017,1510531200,86400,2017,2017,2,4,11,10,November,13,0,0,0,0,1,2,1,Monday,13,44,317,3,46,46,0,1,2,2
319,11/14/2017,1510617600,86400,2017,2017,2,4,11,10,November,14,0,0,0,0,1,3,2,Tuesday,14,45,318,3,46,46,0,1,2,3
320,11/15/2017,1510704000,86400,2017,2017,2,4,11,10,November,15,0,0,0,0,1,4,3,Wednesday,15,46,319,3,46,46,0,1,2,3
321,11/16/2017,1510790400,86400,2017,2017,2,4,11,10,November,16,0,0,0,0,1,5,4,Thursday,16,47,320,3,46,46,0,1,2,3
322,11/17/2017,1510876800,86400,2017,2017,2,4,11,10,November,17,0,0,0,0,1,6,5,Friday,17,48,321,3,46,46,0,1,2,3
323,11/18/2017,1510963200,86400,2017,2017,2,4,11,10,November,18,0,0,0,0,1,7,6,Saturday,18,49,322,3,46,46,0,1,2,3
324,11/19/2017,1511049600,86400,2017,2017,2,4,11,10,November,19,0,0,0,0,1,1,0,Sunday,19,50,323,3,47,46,1,2,3,3
325,11/20/2017,1511136000,86400,2017,2017,2,4,11,10,November,20,0,0,0,0,1,2,1,Monday,20,51,324,4,47,47,1,2,3,3
326,11/21/2017,1511222400,86400,2017,2017,2,4,11,10,November,21,0,0,0,0,1,3,2,Tuesday,21,52,325,4,47,47,1,2,3,4
327,11/22/2017,1511308800,86400,2017,2017,2,4,11,10,November,22,0,0,0,0,1,4,3,Wednesday,22,53,326,4,47,47,1,2,3,4
328,11/23/2017,1511395200,86400,2017,2017,2,4,11,10,November,23,0,0,0,0,1,5,4,Thursday,23,54,327,4,47,47,1,2,3,4
329,11/24/2017,1511481600,86400,2017,2017,2,4,11,10,November,24,0,0,0,0,1,6,5,Friday,24,55,328,4,47,47,1,2,3,4
330,11/25/2017,1511568000,86400,2017,2017,2,4,11,10,November,25,0,0,0,0,1,7,6,Saturday,25,56,329,4,47,47,1,2,3,4
331,11/26/2017,1511654400,86400,2017,2017,2,4,11,10,November,26,0,0,0,0,1,1,0,Sunday,26,57,330,4,48,47,0,0,0,4
332,11/27/2017,1511740800,86400,2017,2017,2,4,11,10,November,27,0,0,0,0,1,2,1,Monday,27,58,331,5,48,48,0,0,0,4
333,11/28/2017,1511827200,86400,2017,2017,2,4,11,10,November,28,0,0,0,0,1,3,2,Tuesday,28,59,332,5,48,48,0,0,0,5
334,11/29/2017,1511913600,86400,2017,2017,2,4,11,10,November,29,0,0,0,0,1,4,3,Wednesday,29,60,333,5,48,48,0,0,0,5
335,11/30/2017,1512000000,86400,2017,2017,2,4,11,10,November,30,0,0,0,0,1,5,4,Thursday,30,61,334,5,48,48,0,0,0,5
336,12/1/2017,1512086400,86400,2017,2017,2,4,12,11,December,1,0,0,0,0,1,6,5,Friday,1,62,335,5,48,48,0,0,0,1
337,12/2/2017,1512172800,86400,2017,2017,2,4,12,11,December,2,0,0,0,0,1,7,6,Saturday,2,63,336,1,48,48,0,0,0,1
338,12/3/2017,1512259200,86400,2017,2017,2,4,12,11,December,3,0,0,0,0,1,1,0,Sunday,3,64,337,1,49,48,1,1,1,1
339,12/4/2017,1512345600,86400,2017,2017,2,4,12,11,December,4,0,0,0,0,1,2,1,Monday,4,65,338,2,49,49,1,1,1,1
340,12/5/2017,1512432000,86400,2017,2017,2,4,12,11,December,5,0,0,0,0,1,3,2,Tuesday,5,66,339,2,49,49,1,1,1,1
341,12/6/2017,1512518400,86400,2017,2017,2,4,12,11,December,6,0,0,0,0,1,4,3,Wednesday,6,67,340,2,49,49,1,1,1,1
342,12/7/2017,1512604800,86400,2017,2017,2,4,12,11,December,7,0,0,0,0,1,5,4,Thursday,7,68,341,2,49,49,1,1,1,2
343,12/8/2017,1512691200,86400,2017,2017,2,4,12,11,December,8,0,0,0,0,1,6,5,Friday,8,69,342,2,49,49,1,1,1,2
344,12/9/2017,1512777600,86400,2017,2017,2,4,12,11,December,9,0,0,0,0,1,7,6,Saturday,9,70,343,2,49,49,1,1,1,2
345,12/10/2017,1512864000,86400,2017,2017,2,4,12,11,December,10,0,0,0,0,1,1,0,Sunday,10,71,344,2,50,49,0,2,2,2
346,12/11/2017,1512950400,86400,2017,2017,2,4,12,11,December,11,0,0,0,0,1,2,1,Monday,11,72,345,3,50,50,0,2,2,2
347,12/12/2017,1513036800,86400,2017,2017,2,4,12,11,December,12,0,0,0,0,1,3,2,Tuesday,12,73,346,3,50,50,0,2,2,2
348,12/13/2017,1513123200,86400,2017,2017,2,4,12,11,December,13,0,0,0,0,1,4,3,Wednesday,13,74,347,3,50,50,0,2,2,2
349,12/14/2017,1513209600,86400,2017,2017,2,4,12,11,December,14,0,0,0,0,1,5,4,Thursday,14,75,348,3,50,50,0,2,2,3
350,12/15/2017,1513296000,86400,2017,2017,2,4,12,11,December,15,0,0,0,0,1,6,5,Friday,15,76,349,3,50,50,0,2,2,3
351,12/16/2017,1513382400,86400,2017,2017,2,4,12,11,December,16,0,0,0,0,1,7,6,Saturday,16,77,350,3,50,50,0,2,2,3
352,12/17/2017,1513468800,86400,2017,2017,2,4,12,11,December,17,0,0,0,0,1,1,0,Sunday,17,78,351,3,51,50,1,0,3,3
353,12/18/2017,1513555200,86400,2017,2017,2,4,12,11,December,18,0,0,0,0,1,2,1,Monday,18,79,352,4,51,51,1,0,3,3
354,12/19/2017,1513641600,86400,2017,2017,2,4,12,11,December,19,0,0,0,0,1,3,2,Tuesday,19,80,353,4,51,51,1,0,3,3
355,12/20/2017,1513728000,86400,2017,2017,2,4,12,11,December,20,0,0,0,0,1,4,3,Wednesday,20,81,354,4,51,51,1,0,3,3
356,12/21/2017,1513814400,86400,2017,2017,2,4,12,11,December,21,0,0,0,0,1,5,4,Thursday,21,82,355,4,51,51,1,0,3,4
357,12/22/2017,1513900800,86400,2017,2017,2,4,12,11,December,22,0,0,0,0,1,6,5,Friday,22,83,356,4,51,51,1,0,3,4
358,12/23/2017,1513987200,86400,2017,2017,2,4,12,11,December,23,0,0,0,0,1,7,6,Saturday,23,84,357,4,51,51,1,0,3,4
359,12/24/2017,1514073600,86400,2017,2017,2,4,12,11,December,24,0,0,0,0,1,1,0,Sunday,24,85,358,4,52,51,0,1,0,4
360,12/25/2017,1514160000,86400,2017,2017,2,4,12,11,December,25,0,0,0,0,1,2,1,Monday,25,86,359,5,52,52,0,1,0,4
361,12/26/2017,1514246400,86400,2017,2017,2,4,12,11,December,26,0,0,0,0,1,3,2,Tuesday,26,87,360,5,52,52,0,1,0,4
362,12/27/2017,1514332800,86400,2017,2017,2,4,12,11,December,27,0,0,0,0,1,4,3,Wednesday,27,88,361,5,52,52,0,1,0,4
363,12/28/2017,1514419200,86400,2017,2017,2,4,12,11,December,28,0,0,0,0,1,5,4,Thursday,28,89,362,5,52,52,0,1,0,5
364,12/29/2017,1514505600,86400,2017,2017,2,4,12,11,December,29,0,0,0,0,1,6,5,Friday,29,90,363,5,52,52,0,1,0,5
365,12/30/2017,1514592000,86400,2017,2017,2,4,12,11,December,30,0,0,0,0,1,7,6,Saturday,30,91,364,5,52,52,0,1,0,5
366,12/31/2017,1514678400,86400,2017,2017,2,4,12,11,December,31,0,0,0,0,1,1,0,Sunday,31,92,365,5,53,52,1,2,1,5
,,,,,,,,,,,,,,,,,,,,,,,,,,,,,
,,31536000,,,,,,,,,,,,,,,,,,,,,,,,,,,
